as_of,period,metric,fact_id,reason
2023-11-03,2023,revenue,19c20566e318a183bf8911d2d48e528bb77f07b6b95b8b9f1ad153faf961641a,future_filing
2023-11-03,2023,revenue,1f6399e28518bd826d52428224ffa57b9cf480445ade3bf37457143fbf3d1f64,selected
2023-11-03,2023,revenue,7c06142e9003b63b065bde9104c5e5547b4075f5aeece8a3ae03dcd2e0d1bbd5,wrong_period
2023-11-03,2023,operating_income,055a79abfd16b5b07902195b036068f537f22e68cdfe93ebb8c5b2a4e5529c18,wrong_period
2023-11-03,2023,operating_income,2b88e06fea4035ae94d7444d00f6c715e6ed67a3d0194cbc6022f4c84721c0a4,future_filing
2023-11-03,2023,operating_income,973807d1911eb137fb5730275c04f39769c0ffbd661bdc1249f305c529c97699,selected
2023-11-03,2023,net_income,0b3251fc98a4b63409c7ef9cc9ba7b4751bad3915b65d6e0cf9edca6017c5ca4,future_filing
2023-11-03,2023,net_income,ac7be940bcc7bea67b5caba7012d0e550eb4b912dca0adf586122f1f4a43cadf,wrong_period
2023-11-03,2023,net_income,f2700ee683dd3e015fd36b548c6ba5acb3af5d57c34eaa1c59221a5f9385c70d,selected
2023-11-03,2023,operating_cash_flow,003e612d3e1276a6af626807850db839af1ea9fe05b513153be1349be66cc249,wrong_period
2023-11-03,2023,operating_cash_flow,9218edb7cee4d395f12940cac238dd42c4f08ffca4201d7af656f7ed73596ea0,selected
2023-11-03,2023,operating_cash_flow,d366fc430e23a8010e3ff575e8b3c52cd3a50c21e30955b4ba028f08c9e1cbd2,future_filing
2023-11-03,2023,capex,18fa3088d1c656842bbf0a48e22abba25d0740bbd98396074b78ae31c11a07a4,future_filing
2023-11-03,2023,capex,9fbabc39dcefb5211039ae9ffd7465af969569593ee3472be29715e7542c1f9d,selected
2023-11-03,2023,capex,c174ac7f89f8f845a801e23e1b77711a1d137f1d82cc1d8e928de847abf722c4,wrong_period
2023-11-03,2023,assets,62c6b6135c02755bfd39f9c20074479906b0ac3adb95bef61f8c2ac6fafbd41f,selected
2023-11-03,2023,assets,bf66e05fcc98649248f887805ac52fa56daaec0af05b9f9337d08c210c248dfb,wrong_period
2023-11-03,2023,assets,e2484f97b92bf4bea92937c98f0e97cb56a9f7ffc79a1219e78482699e6b544d,future_filing
2023-11-03,2023,liabilities,366b55f41ddb5536157a50ce2d68f048c1ed430864ccf1b0dfbdbda04e52d8f1,selected
2023-11-03,2023,liabilities,3a57576b15822534c32769929f3da27623d0add2331b7c2d4faab9661112076a,future_filing
2023-11-03,2023,liabilities,595aa3d3eb6569e5b6918ea000bf37ddf2a9b33b617d3a60d7213e428676e664,wrong_period
2023-11-03,2023,equity,4d224c603ad01408e160d104750048c80069d18beafee3204b0d8d6ce094958a,selected
2023-11-03,2023,equity,71990ebae271368aad3b24cf17b06d7d47ae804ef1418a76d9a81b353ef8e2fb,wrong_period
2023-11-03,2023,equity,bbcc43e732e5ace976fbd601c6000792eb9a826aa8cf9b07c4efe1021228ec6c,future_filing
2023-11-03,2023,current_assets,0499f05df1773de02cc9104507fec273e4ca3f38791ee2a6e6e46e5032025016,wrong_period
2023-11-03,2023,current_assets,1fbe7566069937ae7364539c61b16f0d9fb95d91c8aa934a22d2b4e7ba41dff2,future_filing
2023-11-03,2023,current_assets,fec5efa70ba8a922fa832d0dee8d9c866548752d88859163bb32e4b5a3c703bc,selected
2023-11-03,2023,current_liabilities,672601608ddafec94357f5aeddce4133d14626f2f353fa7baa2c10bdf294b4e3,selected
2023-11-03,2023,current_liabilities,75a4639e0efa1074c719620b18d11576406a60672b0049502e4218c4f4c0e570,future_filing
2023-11-03,2023,current_liabilities,af3aa9b92f19d92a28b427488cac5700d14b73a45693c1271a76846bccbd4f1f,wrong_period
2023-11-03,2023,cash,94e7e346c32e6de43bd78499f70707f2852cbf337e21a9aa41ef288fd3048fad,selected
2023-11-03,2023,cash,9ee22fd299152448a0c8b5972fd5561a3f6e40c386004687494509854e4e372d,future_filing
2023-11-03,2023,cash,b1faaf8452f3121c7a762bca53ad2aac3073659218e23ae6f12ebe517a6ca204,wrong_period
2023-11-03,2024,revenue,19c20566e318a183bf8911d2d48e528bb77f07b6b95b8b9f1ad153faf961641a,wrong_period
2023-11-03,2024,revenue,1f6399e28518bd826d52428224ffa57b9cf480445ade3bf37457143fbf3d1f64,wrong_period
2023-11-03,2024,revenue,7c06142e9003b63b065bde9104c5e5547b4075f5aeece8a3ae03dcd2e0d1bbd5,future_filing
2023-11-03,2024,operating_income,055a79abfd16b5b07902195b036068f537f22e68cdfe93ebb8c5b2a4e5529c18,future_filing
2023-11-03,2024,operating_income,2b88e06fea4035ae94d7444d00f6c715e6ed67a3d0194cbc6022f4c84721c0a4,wrong_period
2023-11-03,2024,operating_income,973807d1911eb137fb5730275c04f39769c0ffbd661bdc1249f305c529c97699,wrong_period
2023-11-03,2024,net_income,0b3251fc98a4b63409c7ef9cc9ba7b4751bad3915b65d6e0cf9edca6017c5ca4,wrong_period
2023-11-03,2024,net_income,ac7be940bcc7bea67b5caba7012d0e550eb4b912dca0adf586122f1f4a43cadf,future_filing
2023-11-03,2024,net_income,f2700ee683dd3e015fd36b548c6ba5acb3af5d57c34eaa1c59221a5f9385c70d,wrong_period
2023-11-03,2024,operating_cash_flow,003e612d3e1276a6af626807850db839af1ea9fe05b513153be1349be66cc249,future_filing
2023-11-03,2024,operating_cash_flow,9218edb7cee4d395f12940cac238dd42c4f08ffca4201d7af656f7ed73596ea0,wrong_period
2023-11-03,2024,operating_cash_flow,d366fc430e23a8010e3ff575e8b3c52cd3a50c21e30955b4ba028f08c9e1cbd2,wrong_period
2023-11-03,2024,capex,18fa3088d1c656842bbf0a48e22abba25d0740bbd98396074b78ae31c11a07a4,wrong_period
2023-11-03,2024,capex,9fbabc39dcefb5211039ae9ffd7465af969569593ee3472be29715e7542c1f9d,wrong_period
2023-11-03,2024,capex,c174ac7f89f8f845a801e23e1b77711a1d137f1d82cc1d8e928de847abf722c4,future_filing
2023-11-03,2024,assets,62c6b6135c02755bfd39f9c20074479906b0ac3adb95bef61f8c2ac6fafbd41f,wrong_period
2023-11-03,2024,assets,bf66e05fcc98649248f887805ac52fa56daaec0af05b9f9337d08c210c248dfb,future_filing
2023-11-03,2024,assets,e2484f97b92bf4bea92937c98f0e97cb56a9f7ffc79a1219e78482699e6b544d,wrong_period
2023-11-03,2024,liabilities,366b55f41ddb5536157a50ce2d68f048c1ed430864ccf1b0dfbdbda04e52d8f1,wrong_period
2023-11-03,2024,liabilities,3a57576b15822534c32769929f3da27623d0add2331b7c2d4faab9661112076a,wrong_period
2023-11-03,2024,liabilities,595aa3d3eb6569e5b6918ea000bf37ddf2a9b33b617d3a60d7213e428676e664,future_filing
2023-11-03,2024,equity,4d224c603ad01408e160d104750048c80069d18beafee3204b0d8d6ce094958a,wrong_period
2023-11-03,2024,equity,71990ebae271368aad3b24cf17b06d7d47ae804ef1418a76d9a81b353ef8e2fb,future_filing
2023-11-03,2024,equity,bbcc43e732e5ace976fbd601c6000792eb9a826aa8cf9b07c4efe1021228ec6c,wrong_period
2023-11-03,2024,current_assets,0499f05df1773de02cc9104507fec273e4ca3f38791ee2a6e6e46e5032025016,future_filing
2023-11-03,2024,current_assets,1fbe7566069937ae7364539c61b16f0d9fb95d91c8aa934a22d2b4e7ba41dff2,wrong_period
2023-11-03,2024,current_assets,fec5efa70ba8a922fa832d0dee8d9c866548752d88859163bb32e4b5a3c703bc,wrong_period
2023-11-03,2024,current_liabilities,672601608ddafec94357f5aeddce4133d14626f2f353fa7baa2c10bdf294b4e3,wrong_period
2023-11-03,2024,current_liabilities,75a4639e0efa1074c719620b18d11576406a60672b0049502e4218c4f4c0e570,wrong_period
2023-11-03,2024,current_liabilities,af3aa9b92f19d92a28b427488cac5700d14b73a45693c1271a76846bccbd4f1f,future_filing
2023-11-03,2024,cash,94e7e346c32e6de43bd78499f70707f2852cbf337e21a9aa41ef288fd3048fad,wrong_period
2023-11-03,2024,cash,9ee22fd299152448a0c8b5972fd5561a3f6e40c386004687494509854e4e372d,wrong_period
2023-11-03,2024,cash,b1faaf8452f3121c7a762bca53ad2aac3073659218e23ae6f12ebe517a6ca204,future_filing
2024-10-31,2023,revenue,19c20566e318a183bf8911d2d48e528bb77f07b6b95b8b9f1ad153faf961641a,future_filing
2024-10-31,2023,revenue,1f6399e28518bd826d52428224ffa57b9cf480445ade3bf37457143fbf3d1f64,selected
2024-10-31,2023,revenue,7c06142e9003b63b065bde9104c5e5547b4075f5aeece8a3ae03dcd2e0d1bbd5,wrong_period
2024-10-31,2023,operating_income,055a79abfd16b5b07902195b036068f537f22e68cdfe93ebb8c5b2a4e5529c18,wrong_period
2024-10-31,2023,operating_income,2b88e06fea4035ae94d7444d00f6c715e6ed67a3d0194cbc6022f4c84721c0a4,future_filing
2024-10-31,2023,operating_income,973807d1911eb137fb5730275c04f39769c0ffbd661bdc1249f305c529c97699,selected
2024-10-31,2023,net_income,0b3251fc98a4b63409c7ef9cc9ba7b4751bad3915b65d6e0cf9edca6017c5ca4,future_filing
2024-10-31,2023,net_income,ac7be940bcc7bea67b5caba7012d0e550eb4b912dca0adf586122f1f4a43cadf,wrong_period
2024-10-31,2023,net_income,f2700ee683dd3e015fd36b548c6ba5acb3af5d57c34eaa1c59221a5f9385c70d,selected
2024-10-31,2023,operating_cash_flow,003e612d3e1276a6af626807850db839af1ea9fe05b513153be1349be66cc249,wrong_period
2024-10-31,2023,operating_cash_flow,9218edb7cee4d395f12940cac238dd42c4f08ffca4201d7af656f7ed73596ea0,selected
2024-10-31,2023,operating_cash_flow,d366fc430e23a8010e3ff575e8b3c52cd3a50c21e30955b4ba028f08c9e1cbd2,future_filing
2024-10-31,2023,capex,18fa3088d1c656842bbf0a48e22abba25d0740bbd98396074b78ae31c11a07a4,future_filing
2024-10-31,2023,capex,9fbabc39dcefb5211039ae9ffd7465af969569593ee3472be29715e7542c1f9d,selected
2024-10-31,2023,capex,c174ac7f89f8f845a801e23e1b77711a1d137f1d82cc1d8e928de847abf722c4,wrong_period
2024-10-31,2023,assets,62c6b6135c02755bfd39f9c20074479906b0ac3adb95bef61f8c2ac6fafbd41f,selected
2024-10-31,2023,assets,bf66e05fcc98649248f887805ac52fa56daaec0af05b9f9337d08c210c248dfb,wrong_period
2024-10-31,2023,assets,e2484f97b92bf4bea92937c98f0e97cb56a9f7ffc79a1219e78482699e6b544d,future_filing
2024-10-31,2023,liabilities,366b55f41ddb5536157a50ce2d68f048c1ed430864ccf1b0dfbdbda04e52d8f1,selected
2024-10-31,2023,liabilities,3a57576b15822534c32769929f3da27623d0add2331b7c2d4faab9661112076a,future_filing
2024-10-31,2023,liabilities,595aa3d3eb6569e5b6918ea000bf37ddf2a9b33b617d3a60d7213e428676e664,wrong_period
2024-10-31,2023,equity,4d224c603ad01408e160d104750048c80069d18beafee3204b0d8d6ce094958a,selected
2024-10-31,2023,equity,71990ebae271368aad3b24cf17b06d7d47ae804ef1418a76d9a81b353ef8e2fb,wrong_period
2024-10-31,2023,equity,bbcc43e732e5ace976fbd601c6000792eb9a826aa8cf9b07c4efe1021228ec6c,future_filing
2024-10-31,2023,current_assets,0499f05df1773de02cc9104507fec273e4ca3f38791ee2a6e6e46e5032025016,wrong_period
2024-10-31,2023,current_assets,1fbe7566069937ae7364539c61b16f0d9fb95d91c8aa934a22d2b4e7ba41dff2,future_filing
2024-10-31,2023,current_assets,fec5efa70ba8a922fa832d0dee8d9c866548752d88859163bb32e4b5a3c703bc,selected
2024-10-31,2023,current_liabilities,672601608ddafec94357f5aeddce4133d14626f2f353fa7baa2c10bdf294b4e3,selected
2024-10-31,2023,current_liabilities,75a4639e0efa1074c719620b18d11576406a60672b0049502e4218c4f4c0e570,future_filing
2024-10-31,2023,current_liabilities,af3aa9b92f19d92a28b427488cac5700d14b73a45693c1271a76846bccbd4f1f,wrong_period
2024-10-31,2023,cash,94e7e346c32e6de43bd78499f70707f2852cbf337e21a9aa41ef288fd3048fad,selected
2024-10-31,2023,cash,9ee22fd299152448a0c8b5972fd5561a3f6e40c386004687494509854e4e372d,future_filing
2024-10-31,2023,cash,b1faaf8452f3121c7a762bca53ad2aac3073659218e23ae6f12ebe517a6ca204,wrong_period
2024-10-31,2024,revenue,19c20566e318a183bf8911d2d48e528bb77f07b6b95b8b9f1ad153faf961641a,wrong_period
2024-10-31,2024,revenue,1f6399e28518bd826d52428224ffa57b9cf480445ade3bf37457143fbf3d1f64,wrong_period
2024-10-31,2024,revenue,7c06142e9003b63b065bde9104c5e5547b4075f5aeece8a3ae03dcd2e0d1bbd5,future_filing
2024-10-31,2024,operating_income,055a79abfd16b5b07902195b036068f537f22e68cdfe93ebb8c5b2a4e5529c18,future_filing
2024-10-31,2024,operating_income,2b88e06fea4035ae94d7444d00f6c715e6ed67a3d0194cbc6022f4c84721c0a4,wrong_period
2024-10-31,2024,operating_income,973807d1911eb137fb5730275c04f39769c0ffbd661bdc1249f305c529c97699,wrong_period
2024-10-31,2024,net_income,0b3251fc98a4b63409c7ef9cc9ba7b4751bad3915b65d6e0cf9edca6017c5ca4,wrong_period
2024-10-31,2024,net_income,ac7be940bcc7bea67b5caba7012d0e550eb4b912dca0adf586122f1f4a43cadf,future_filing
2024-10-31,2024,net_income,f2700ee683dd3e015fd36b548c6ba5acb3af5d57c34eaa1c59221a5f9385c70d,wrong_period
2024-10-31,2024,operating_cash_flow,003e612d3e1276a6af626807850db839af1ea9fe05b513153be1349be66cc249,future_filing
2024-10-31,2024,operating_cash_flow,9218edb7cee4d395f12940cac238dd42c4f08ffca4201d7af656f7ed73596ea0,wrong_period
2024-10-31,2024,operating_cash_flow,d366fc430e23a8010e3ff575e8b3c52cd3a50c21e30955b4ba028f08c9e1cbd2,wrong_period
2024-10-31,2024,capex,18fa3088d1c656842bbf0a48e22abba25d0740bbd98396074b78ae31c11a07a4,wrong_period
2024-10-31,2024,capex,9fbabc39dcefb5211039ae9ffd7465af969569593ee3472be29715e7542c1f9d,wrong_period
2024-10-31,2024,capex,c174ac7f89f8f845a801e23e1b77711a1d137f1d82cc1d8e928de847abf722c4,future_filing
2024-10-31,2024,assets,62c6b6135c02755bfd39f9c20074479906b0ac3adb95bef61f8c2ac6fafbd41f,wrong_period
2024-10-31,2024,assets,bf66e05fcc98649248f887805ac52fa56daaec0af05b9f9337d08c210c248dfb,future_filing
2024-10-31,2024,assets,e2484f97b92bf4bea92937c98f0e97cb56a9f7ffc79a1219e78482699e6b544d,wrong_period
2024-10-31,2024,liabilities,366b55f41ddb5536157a50ce2d68f048c1ed430864ccf1b0dfbdbda04e52d8f1,wrong_period
2024-10-31,2024,liabilities,3a57576b15822534c32769929f3da27623d0add2331b7c2d4faab9661112076a,wrong_period
2024-10-31,2024,liabilities,595aa3d3eb6569e5b6918ea000bf37ddf2a9b33b617d3a60d7213e428676e664,future_filing
2024-10-31,2024,equity,4d224c603ad01408e160d104750048c80069d18beafee3204b0d8d6ce094958a,wrong_period
2024-10-31,2024,equity,71990ebae271368aad3b24cf17b06d7d47ae804ef1418a76d9a81b353ef8e2fb,future_filing
2024-10-31,2024,equity,bbcc43e732e5ace976fbd601c6000792eb9a826aa8cf9b07c4efe1021228ec6c,wrong_period
2024-10-31,2024,current_assets,0499f05df1773de02cc9104507fec273e4ca3f38791ee2a6e6e46e5032025016,future_filing
2024-10-31,2024,current_assets,1fbe7566069937ae7364539c61b16f0d9fb95d91c8aa934a22d2b4e7ba41dff2,wrong_period
2024-10-31,2024,current_assets,fec5efa70ba8a922fa832d0dee8d9c866548752d88859163bb32e4b5a3c703bc,wrong_period
2024-10-31,2024,current_liabilities,672601608ddafec94357f5aeddce4133d14626f2f353fa7baa2c10bdf294b4e3,wrong_period
2024-10-31,2024,current_liabilities,75a4639e0efa1074c719620b18d11576406a60672b0049502e4218c4f4c0e570,wrong_period
2024-10-31,2024,current_liabilities,af3aa9b92f19d92a28b427488cac5700d14b73a45693c1271a76846bccbd4f1f,future_filing
2024-10-31,2024,cash,94e7e346c32e6de43bd78499f70707f2852cbf337e21a9aa41ef288fd3048fad,wrong_period
2024-10-31,2024,cash,9ee22fd299152448a0c8b5972fd5561a3f6e40c386004687494509854e4e372d,wrong_period
2024-10-31,2024,cash,b1faaf8452f3121c7a762bca53ad2aac3073659218e23ae6f12ebe517a6ca204,future_filing
2024-11-01,2023,revenue,19c20566e318a183bf8911d2d48e528bb77f07b6b95b8b9f1ad153faf961641a,selected
2024-11-01,2023,revenue,1f6399e28518bd826d52428224ffa57b9cf480445ade3bf37457143fbf3d1f64,superseded
2024-11-01,2023,revenue,7c06142e9003b63b065bde9104c5e5547b4075f5aeece8a3ae03dcd2e0d1bbd5,wrong_period
2024-11-01,2023,operating_income,055a79abfd16b5b07902195b036068f537f22e68cdfe93ebb8c5b2a4e5529c18,wrong_period
2024-11-01,2023,operating_income,2b88e06fea4035ae94d7444d00f6c715e6ed67a3d0194cbc6022f4c84721c0a4,selected
2024-11-01,2023,operating_income,973807d1911eb137fb5730275c04f39769c0ffbd661bdc1249f305c529c97699,superseded
2024-11-01,2023,net_income,0b3251fc98a4b63409c7ef9cc9ba7b4751bad3915b65d6e0cf9edca6017c5ca4,selected
2024-11-01,2023,net_income,ac7be940bcc7bea67b5caba7012d0e550eb4b912dca0adf586122f1f4a43cadf,wrong_period
2024-11-01,2023,net_income,f2700ee683dd3e015fd36b548c6ba5acb3af5d57c34eaa1c59221a5f9385c70d,superseded
2024-11-01,2023,operating_cash_flow,003e612d3e1276a6af626807850db839af1ea9fe05b513153be1349be66cc249,wrong_period
2024-11-01,2023,operating_cash_flow,9218edb7cee4d395f12940cac238dd42c4f08ffca4201d7af656f7ed73596ea0,superseded
2024-11-01,2023,operating_cash_flow,d366fc430e23a8010e3ff575e8b3c52cd3a50c21e30955b4ba028f08c9e1cbd2,selected
2024-11-01,2023,capex,18fa3088d1c656842bbf0a48e22abba25d0740bbd98396074b78ae31c11a07a4,selected
2024-11-01,2023,capex,9fbabc39dcefb5211039ae9ffd7465af969569593ee3472be29715e7542c1f9d,superseded
2024-11-01,2023,capex,c174ac7f89f8f845a801e23e1b77711a1d137f1d82cc1d8e928de847abf722c4,wrong_period
2024-11-01,2023,assets,62c6b6135c02755bfd39f9c20074479906b0ac3adb95bef61f8c2ac6fafbd41f,superseded
2024-11-01,2023,assets,bf66e05fcc98649248f887805ac52fa56daaec0af05b9f9337d08c210c248dfb,wrong_period
2024-11-01,2023,assets,e2484f97b92bf4bea92937c98f0e97cb56a9f7ffc79a1219e78482699e6b544d,selected
2024-11-01,2023,liabilities,366b55f41ddb5536157a50ce2d68f048c1ed430864ccf1b0dfbdbda04e52d8f1,superseded
2024-11-01,2023,liabilities,3a57576b15822534c32769929f3da27623d0add2331b7c2d4faab9661112076a,selected
2024-11-01,2023,liabilities,595aa3d3eb6569e5b6918ea000bf37ddf2a9b33b617d3a60d7213e428676e664,wrong_period
2024-11-01,2023,equity,4d224c603ad01408e160d104750048c80069d18beafee3204b0d8d6ce094958a,superseded
2024-11-01,2023,equity,71990ebae271368aad3b24cf17b06d7d47ae804ef1418a76d9a81b353ef8e2fb,wrong_period
2024-11-01,2023,equity,bbcc43e732e5ace976fbd601c6000792eb9a826aa8cf9b07c4efe1021228ec6c,selected
2024-11-01,2023,current_assets,0499f05df1773de02cc9104507fec273e4ca3f38791ee2a6e6e46e5032025016,wrong_period
2024-11-01,2023,current_assets,1fbe7566069937ae7364539c61b16f0d9fb95d91c8aa934a22d2b4e7ba41dff2,selected
2024-11-01,2023,current_assets,fec5efa70ba8a922fa832d0dee8d9c866548752d88859163bb32e4b5a3c703bc,superseded
2024-11-01,2023,current_liabilities,672601608ddafec94357f5aeddce4133d14626f2f353fa7baa2c10bdf294b4e3,superseded
2024-11-01,2023,current_liabilities,75a4639e0efa1074c719620b18d11576406a60672b0049502e4218c4f4c0e570,selected
2024-11-01,2023,current_liabilities,af3aa9b92f19d92a28b427488cac5700d14b73a45693c1271a76846bccbd4f1f,wrong_period
2024-11-01,2023,cash,94e7e346c32e6de43bd78499f70707f2852cbf337e21a9aa41ef288fd3048fad,superseded
2024-11-01,2023,cash,9ee22fd299152448a0c8b5972fd5561a3f6e40c386004687494509854e4e372d,selected
2024-11-01,2023,cash,b1faaf8452f3121c7a762bca53ad2aac3073659218e23ae6f12ebe517a6ca204,wrong_period
2024-11-01,2024,revenue,19c20566e318a183bf8911d2d48e528bb77f07b6b95b8b9f1ad153faf961641a,wrong_period
2024-11-01,2024,revenue,1f6399e28518bd826d52428224ffa57b9cf480445ade3bf37457143fbf3d1f64,wrong_period
2024-11-01,2024,revenue,7c06142e9003b63b065bde9104c5e5547b4075f5aeece8a3ae03dcd2e0d1bbd5,selected
2024-11-01,2024,operating_income,055a79abfd16b5b07902195b036068f537f22e68cdfe93ebb8c5b2a4e5529c18,selected
2024-11-01,2024,operating_income,2b88e06fea4035ae94d7444d00f6c715e6ed67a3d0194cbc6022f4c84721c0a4,wrong_period
2024-11-01,2024,operating_income,973807d1911eb137fb5730275c04f39769c0ffbd661bdc1249f305c529c97699,wrong_period
2024-11-01,2024,net_income,0b3251fc98a4b63409c7ef9cc9ba7b4751bad3915b65d6e0cf9edca6017c5ca4,wrong_period
2024-11-01,2024,net_income,ac7be940bcc7bea67b5caba7012d0e550eb4b912dca0adf586122f1f4a43cadf,selected
2024-11-01,2024,net_income,f2700ee683dd3e015fd36b548c6ba5acb3af5d57c34eaa1c59221a5f9385c70d,wrong_period
2024-11-01,2024,operating_cash_flow,003e612d3e1276a6af626807850db839af1ea9fe05b513153be1349be66cc249,selected
2024-11-01,2024,operating_cash_flow,9218edb7cee4d395f12940cac238dd42c4f08ffca4201d7af656f7ed73596ea0,wrong_period
2024-11-01,2024,operating_cash_flow,d366fc430e23a8010e3ff575e8b3c52cd3a50c21e30955b4ba028f08c9e1cbd2,wrong_period
2024-11-01,2024,capex,18fa3088d1c656842bbf0a48e22abba25d0740bbd98396074b78ae31c11a07a4,wrong_period
2024-11-01,2024,capex,9fbabc39dcefb5211039ae9ffd7465af969569593ee3472be29715e7542c1f9d,wrong_period
2024-11-01,2024,capex,c174ac7f89f8f845a801e23e1b77711a1d137f1d82cc1d8e928de847abf722c4,selected
2024-11-01,2024,assets,62c6b6135c02755bfd39f9c20074479906b0ac3adb95bef61f8c2ac6fafbd41f,wrong_period
2024-11-01,2024,assets,bf66e05fcc98649248f887805ac52fa56daaec0af05b9f9337d08c210c248dfb,selected
2024-11-01,2024,assets,e2484f97b92bf4bea92937c98f0e97cb56a9f7ffc79a1219e78482699e6b544d,wrong_period
2024-11-01,2024,liabilities,366b55f41ddb5536157a50ce2d68f048c1ed430864ccf1b0dfbdbda04e52d8f1,wrong_period
2024-11-01,2024,liabilities,3a57576b15822534c32769929f3da27623d0add2331b7c2d4faab9661112076a,wrong_period
2024-11-01,2024,liabilities,595aa3d3eb6569e5b6918ea000bf37ddf2a9b33b617d3a60d7213e428676e664,selected
2024-11-01,2024,equity,4d224c603ad01408e160d104750048c80069d18beafee3204b0d8d6ce094958a,wrong_period
2024-11-01,2024,equity,71990ebae271368aad3b24cf17b06d7d47ae804ef1418a76d9a81b353ef8e2fb,selected
2024-11-01,2024,equity,bbcc43e732e5ace976fbd601c6000792eb9a826aa8cf9b07c4efe1021228ec6c,wrong_period
2024-11-01,2024,current_assets,0499f05df1773de02cc9104507fec273e4ca3f38791ee2a6e6e46e5032025016,selected
2024-11-01,2024,current_assets,1fbe7566069937ae7364539c61b16f0d9fb95d91c8aa934a22d2b4e7ba41dff2,wrong_period
2024-11-01,2024,current_assets,fec5efa70ba8a922fa832d0dee8d9c866548752d88859163bb32e4b5a3c703bc,wrong_period
2024-11-01,2024,current_liabilities,672601608ddafec94357f5aeddce4133d14626f2f353fa7baa2c10bdf294b4e3,wrong_period
2024-11-01,2024,current_liabilities,75a4639e0efa1074c719620b18d11576406a60672b0049502e4218c4f4c0e570,wrong_period
2024-11-01,2024,current_liabilities,af3aa9b92f19d92a28b427488cac5700d14b73a45693c1271a76846bccbd4f1f,selected
2024-11-01,2024,cash,94e7e346c32e6de43bd78499f70707f2852cbf337e21a9aa41ef288fd3048fad,wrong_period
2024-11-01,2024,cash,9ee22fd299152448a0c8b5972fd5561a3f6e40c386004687494509854e4e372d,wrong_period
2024-11-01,2024,cash,b1faaf8452f3121c7a762bca53ad2aac3073659218e23ae6f12ebe517a6ca204,selected
