as_of,period,metric,role,fact_id
2023-11-03,2023,net_margin,net_income,f2700ee683dd3e015fd36b548c6ba5acb3af5d57c34eaa1c59221a5f9385c70d
2023-11-03,2023,net_margin,revenue,1f6399e28518bd826d52428224ffa57b9cf480445ade3bf37457143fbf3d1f64
2023-11-03,2023,operating_margin,operating_income,973807d1911eb137fb5730275c04f39769c0ffbd661bdc1249f305c529c97699
2023-11-03,2023,operating_margin,revenue,1f6399e28518bd826d52428224ffa57b9cf480445ade3bf37457143fbf3d1f64
2023-11-03,2023,cash_conversion,operating_cash_flow,9218edb7cee4d395f12940cac238dd42c4f08ffca4201d7af656f7ed73596ea0
2023-11-03,2023,cash_conversion,net_income,f2700ee683dd3e015fd36b548c6ba5acb3af5d57c34eaa1c59221a5f9385c70d
2023-11-03,2023,current_ratio,current_assets,fec5efa70ba8a922fa832d0dee8d9c866548752d88859163bb32e4b5a3c703bc
2023-11-03,2023,current_ratio,current_liabilities,672601608ddafec94357f5aeddce4133d14626f2f353fa7baa2c10bdf294b4e3
2023-11-03,2023,liability_ratio,liabilities,366b55f41ddb5536157a50ce2d68f048c1ed430864ccf1b0dfbdbda04e52d8f1
2023-11-03,2023,liability_ratio,assets,62c6b6135c02755bfd39f9c20074479906b0ac3adb95bef61f8c2ac6fafbd41f
2023-11-03,2023,free_cash_flow,operating_cash_flow,9218edb7cee4d395f12940cac238dd42c4f08ffca4201d7af656f7ed73596ea0
2023-11-03,2023,free_cash_flow,capex,9fbabc39dcefb5211039ae9ffd7465af969569593ee3472be29715e7542c1f9d
2023-11-03,2023,fcf_margin,operating_cash_flow,9218edb7cee4d395f12940cac238dd42c4f08ffca4201d7af656f7ed73596ea0
2023-11-03,2023,fcf_margin,capex,9fbabc39dcefb5211039ae9ffd7465af969569593ee3472be29715e7542c1f9d
2023-11-03,2023,fcf_margin,revenue,1f6399e28518bd826d52428224ffa57b9cf480445ade3bf37457143fbf3d1f64
2023-11-03,2023,balance_residual,assets,62c6b6135c02755bfd39f9c20074479906b0ac3adb95bef61f8c2ac6fafbd41f
2023-11-03,2023,balance_residual,liabilities,366b55f41ddb5536157a50ce2d68f048c1ed430864ccf1b0dfbdbda04e52d8f1
2023-11-03,2023,balance_residual,equity,4d224c603ad01408e160d104750048c80069d18beafee3204b0d8d6ce094958a
2023-11-03,2023,revenue_growth,revenue,1f6399e28518bd826d52428224ffa57b9cf480445ade3bf37457143fbf3d1f64
2023-11-03,2024,revenue_growth,previous_period_revenue,1f6399e28518bd826d52428224ffa57b9cf480445ade3bf37457143fbf3d1f64
2024-10-31,2023,net_margin,net_income,f2700ee683dd3e015fd36b548c6ba5acb3af5d57c34eaa1c59221a5f9385c70d
2024-10-31,2023,net_margin,revenue,1f6399e28518bd826d52428224ffa57b9cf480445ade3bf37457143fbf3d1f64
2024-10-31,2023,operating_margin,operating_income,973807d1911eb137fb5730275c04f39769c0ffbd661bdc1249f305c529c97699
2024-10-31,2023,operating_margin,revenue,1f6399e28518bd826d52428224ffa57b9cf480445ade3bf37457143fbf3d1f64
2024-10-31,2023,cash_conversion,operating_cash_flow,9218edb7cee4d395f12940cac238dd42c4f08ffca4201d7af656f7ed73596ea0
2024-10-31,2023,cash_conversion,net_income,f2700ee683dd3e015fd36b548c6ba5acb3af5d57c34eaa1c59221a5f9385c70d
2024-10-31,2023,current_ratio,current_assets,fec5efa70ba8a922fa832d0dee8d9c866548752d88859163bb32e4b5a3c703bc
2024-10-31,2023,current_ratio,current_liabilities,672601608ddafec94357f5aeddce4133d14626f2f353fa7baa2c10bdf294b4e3
2024-10-31,2023,liability_ratio,liabilities,366b55f41ddb5536157a50ce2d68f048c1ed430864ccf1b0dfbdbda04e52d8f1
2024-10-31,2023,liability_ratio,assets,62c6b6135c02755bfd39f9c20074479906b0ac3adb95bef61f8c2ac6fafbd41f
2024-10-31,2023,free_cash_flow,operating_cash_flow,9218edb7cee4d395f12940cac238dd42c4f08ffca4201d7af656f7ed73596ea0
2024-10-31,2023,free_cash_flow,capex,9fbabc39dcefb5211039ae9ffd7465af969569593ee3472be29715e7542c1f9d
2024-10-31,2023,fcf_margin,operating_cash_flow,9218edb7cee4d395f12940cac238dd42c4f08ffca4201d7af656f7ed73596ea0
2024-10-31,2023,fcf_margin,capex,9fbabc39dcefb5211039ae9ffd7465af969569593ee3472be29715e7542c1f9d
2024-10-31,2023,fcf_margin,revenue,1f6399e28518bd826d52428224ffa57b9cf480445ade3bf37457143fbf3d1f64
2024-10-31,2023,balance_residual,assets,62c6b6135c02755bfd39f9c20074479906b0ac3adb95bef61f8c2ac6fafbd41f
2024-10-31,2023,balance_residual,liabilities,366b55f41ddb5536157a50ce2d68f048c1ed430864ccf1b0dfbdbda04e52d8f1
2024-10-31,2023,balance_residual,equity,4d224c603ad01408e160d104750048c80069d18beafee3204b0d8d6ce094958a
2024-10-31,2023,revenue_growth,revenue,1f6399e28518bd826d52428224ffa57b9cf480445ade3bf37457143fbf3d1f64
2024-10-31,2024,revenue_growth,previous_period_revenue,1f6399e28518bd826d52428224ffa57b9cf480445ade3bf37457143fbf3d1f64
2024-11-01,2023,net_margin,net_income,0b3251fc98a4b63409c7ef9cc9ba7b4751bad3915b65d6e0cf9edca6017c5ca4
2024-11-01,2023,net_margin,revenue,19c20566e318a183bf8911d2d48e528bb77f07b6b95b8b9f1ad153faf961641a
2024-11-01,2023,operating_margin,operating_income,2b88e06fea4035ae94d7444d00f6c715e6ed67a3d0194cbc6022f4c84721c0a4
2024-11-01,2023,operating_margin,revenue,19c20566e318a183bf8911d2d48e528bb77f07b6b95b8b9f1ad153faf961641a
2024-11-01,2023,cash_conversion,operating_cash_flow,d366fc430e23a8010e3ff575e8b3c52cd3a50c21e30955b4ba028f08c9e1cbd2
2024-11-01,2023,cash_conversion,net_income,0b3251fc98a4b63409c7ef9cc9ba7b4751bad3915b65d6e0cf9edca6017c5ca4
2024-11-01,2023,current_ratio,current_assets,1fbe7566069937ae7364539c61b16f0d9fb95d91c8aa934a22d2b4e7ba41dff2
2024-11-01,2023,current_ratio,current_liabilities,75a4639e0efa1074c719620b18d11576406a60672b0049502e4218c4f4c0e570
2024-11-01,2023,liability_ratio,liabilities,3a57576b15822534c32769929f3da27623d0add2331b7c2d4faab9661112076a
2024-11-01,2023,liability_ratio,assets,e2484f97b92bf4bea92937c98f0e97cb56a9f7ffc79a1219e78482699e6b544d
2024-11-01,2023,free_cash_flow,operating_cash_flow,d366fc430e23a8010e3ff575e8b3c52cd3a50c21e30955b4ba028f08c9e1cbd2
2024-11-01,2023,free_cash_flow,capex,18fa3088d1c656842bbf0a48e22abba25d0740bbd98396074b78ae31c11a07a4
2024-11-01,2023,fcf_margin,operating_cash_flow,d366fc430e23a8010e3ff575e8b3c52cd3a50c21e30955b4ba028f08c9e1cbd2
2024-11-01,2023,fcf_margin,capex,18fa3088d1c656842bbf0a48e22abba25d0740bbd98396074b78ae31c11a07a4
2024-11-01,2023,fcf_margin,revenue,19c20566e318a183bf8911d2d48e528bb77f07b6b95b8b9f1ad153faf961641a
2024-11-01,2023,balance_residual,assets,e2484f97b92bf4bea92937c98f0e97cb56a9f7ffc79a1219e78482699e6b544d
2024-11-01,2023,balance_residual,liabilities,3a57576b15822534c32769929f3da27623d0add2331b7c2d4faab9661112076a
2024-11-01,2023,balance_residual,equity,bbcc43e732e5ace976fbd601c6000792eb9a826aa8cf9b07c4efe1021228ec6c
2024-11-01,2023,revenue_growth,revenue,19c20566e318a183bf8911d2d48e528bb77f07b6b95b8b9f1ad153faf961641a
2024-11-01,2024,net_margin,net_income,ac7be940bcc7bea67b5caba7012d0e550eb4b912dca0adf586122f1f4a43cadf
2024-11-01,2024,net_margin,revenue,7c06142e9003b63b065bde9104c5e5547b4075f5aeece8a3ae03dcd2e0d1bbd5
2024-11-01,2024,operating_margin,operating_income,055a79abfd16b5b07902195b036068f537f22e68cdfe93ebb8c5b2a4e5529c18
2024-11-01,2024,operating_margin,revenue,7c06142e9003b63b065bde9104c5e5547b4075f5aeece8a3ae03dcd2e0d1bbd5
2024-11-01,2024,cash_conversion,operating_cash_flow,003e612d3e1276a6af626807850db839af1ea9fe05b513153be1349be66cc249
2024-11-01,2024,cash_conversion,net_income,ac7be940bcc7bea67b5caba7012d0e550eb4b912dca0adf586122f1f4a43cadf
2024-11-01,2024,current_ratio,current_assets,0499f05df1773de02cc9104507fec273e4ca3f38791ee2a6e6e46e5032025016
2024-11-01,2024,current_ratio,current_liabilities,af3aa9b92f19d92a28b427488cac5700d14b73a45693c1271a76846bccbd4f1f
2024-11-01,2024,liability_ratio,liabilities,595aa3d3eb6569e5b6918ea000bf37ddf2a9b33b617d3a60d7213e428676e664
2024-11-01,2024,liability_ratio,assets,bf66e05fcc98649248f887805ac52fa56daaec0af05b9f9337d08c210c248dfb
2024-11-01,2024,free_cash_flow,operating_cash_flow,003e612d3e1276a6af626807850db839af1ea9fe05b513153be1349be66cc249
2024-11-01,2024,free_cash_flow,capex,c174ac7f89f8f845a801e23e1b77711a1d137f1d82cc1d8e928de847abf722c4
2024-11-01,2024,fcf_margin,operating_cash_flow,003e612d3e1276a6af626807850db839af1ea9fe05b513153be1349be66cc249
2024-11-01,2024,fcf_margin,capex,c174ac7f89f8f845a801e23e1b77711a1d137f1d82cc1d8e928de847abf722c4
2024-11-01,2024,fcf_margin,revenue,7c06142e9003b63b065bde9104c5e5547b4075f5aeece8a3ae03dcd2e0d1bbd5
2024-11-01,2024,balance_residual,assets,bf66e05fcc98649248f887805ac52fa56daaec0af05b9f9337d08c210c248dfb
2024-11-01,2024,balance_residual,liabilities,595aa3d3eb6569e5b6918ea000bf37ddf2a9b33b617d3a60d7213e428676e664
2024-11-01,2024,balance_residual,equity,71990ebae271368aad3b24cf17b06d7d47ae804ef1418a76d9a81b353ef8e2fb
2024-11-01,2024,revenue_growth,revenue,7c06142e9003b63b065bde9104c5e5547b4075f5aeece8a3ae03dcd2e0d1bbd5
2024-11-01,2024,revenue_growth,previous_period_revenue,19c20566e318a183bf8911d2d48e528bb77f07b6b95b8b9f1ad153faf961641a
