as_of,period,metric,status,value_usd,start,end,filed,tag,accession,fact_id,source_url
2023-11-03,2023,revenue,ok,383285000000,2022-09-25,2023-09-30,2023-11-03,RevenueFromContractWithCustomerExcludingAssessedTax,0000320193-23-000106,1f6399e28518bd826d52428224ffa57b9cf480445ade3bf37457143fbf3d1f64,https://www.sec.gov/Archives/edgar/data/320193/000032019323000106/0000320193-23-000106-index.htm
2023-11-03,2023,operating_income,ok,114301000000,2022-09-25,2023-09-30,2023-11-03,OperatingIncomeLoss,0000320193-23-000106,973807d1911eb137fb5730275c04f39769c0ffbd661bdc1249f305c529c97699,https://www.sec.gov/Archives/edgar/data/320193/000032019323000106/0000320193-23-000106-index.htm
2023-11-03,2023,net_income,ok,96995000000,2022-09-25,2023-09-30,2023-11-03,NetIncomeLoss,0000320193-23-000106,f2700ee683dd3e015fd36b548c6ba5acb3af5d57c34eaa1c59221a5f9385c70d,https://www.sec.gov/Archives/edgar/data/320193/000032019323000106/0000320193-23-000106-index.htm
2023-11-03,2023,operating_cash_flow,ok,110543000000,2022-09-25,2023-09-30,2023-11-03,NetCashProvidedByUsedInOperatingActivities,0000320193-23-000106,9218edb7cee4d395f12940cac238dd42c4f08ffca4201d7af656f7ed73596ea0,https://www.sec.gov/Archives/edgar/data/320193/000032019323000106/0000320193-23-000106-index.htm
2023-11-03,2023,capex,ok,10959000000,2022-09-25,2023-09-30,2023-11-03,PaymentsToAcquirePropertyPlantAndEquipment,0000320193-23-000106,9fbabc39dcefb5211039ae9ffd7465af969569593ee3472be29715e7542c1f9d,https://www.sec.gov/Archives/edgar/data/320193/000032019323000106/0000320193-23-000106-index.htm
2023-11-03,2023,assets,ok,352583000000,,2023-09-30,2023-11-03,Assets,0000320193-23-000106,62c6b6135c02755bfd39f9c20074479906b0ac3adb95bef61f8c2ac6fafbd41f,https://www.sec.gov/Archives/edgar/data/320193/000032019323000106/0000320193-23-000106-index.htm
2023-11-03,2023,liabilities,ok,290437000000,,2023-09-30,2023-11-03,Liabilities,0000320193-23-000106,366b55f41ddb5536157a50ce2d68f048c1ed430864ccf1b0dfbdbda04e52d8f1,https://www.sec.gov/Archives/edgar/data/320193/000032019323000106/0000320193-23-000106-index.htm
2023-11-03,2023,equity,ok,62146000000,,2023-09-30,2023-11-03,StockholdersEquity,0000320193-23-000106,4d224c603ad01408e160d104750048c80069d18beafee3204b0d8d6ce094958a,https://www.sec.gov/Archives/edgar/data/320193/000032019323000106/0000320193-23-000106-index.htm
2023-11-03,2023,current_assets,ok,143566000000,,2023-09-30,2023-11-03,AssetsCurrent,0000320193-23-000106,fec5efa70ba8a922fa832d0dee8d9c866548752d88859163bb32e4b5a3c703bc,https://www.sec.gov/Archives/edgar/data/320193/000032019323000106/0000320193-23-000106-index.htm
2023-11-03,2023,current_liabilities,ok,145308000000,,2023-09-30,2023-11-03,LiabilitiesCurrent,0000320193-23-000106,672601608ddafec94357f5aeddce4133d14626f2f353fa7baa2c10bdf294b4e3,https://www.sec.gov/Archives/edgar/data/320193/000032019323000106/0000320193-23-000106-index.htm
2023-11-03,2023,cash,ok,29965000000,,2023-09-30,2023-11-03,CashAndCashEquivalentsAtCarryingValue,0000320193-23-000106,94e7e346c32e6de43bd78499f70707f2852cbf337e21a9aa41ef288fd3048fad,https://www.sec.gov/Archives/edgar/data/320193/000032019323000106/0000320193-23-000106-index.htm
2023-11-03,2024,revenue,missing,,,,,,,,
2023-11-03,2024,operating_income,missing,,,,,,,,
2023-11-03,2024,net_income,missing,,,,,,,,
2023-11-03,2024,operating_cash_flow,missing,,,,,,,,
2023-11-03,2024,capex,missing,,,,,,,,
2023-11-03,2024,assets,missing,,,,,,,,
2023-11-03,2024,liabilities,missing,,,,,,,,
2023-11-03,2024,equity,missing,,,,,,,,
2023-11-03,2024,current_assets,missing,,,,,,,,
2023-11-03,2024,current_liabilities,missing,,,,,,,,
2023-11-03,2024,cash,missing,,,,,,,,
2024-10-31,2023,revenue,ok,383285000000,2022-09-25,2023-09-30,2023-11-03,RevenueFromContractWithCustomerExcludingAssessedTax,0000320193-23-000106,1f6399e28518bd826d52428224ffa57b9cf480445ade3bf37457143fbf3d1f64,https://www.sec.gov/Archives/edgar/data/320193/000032019323000106/0000320193-23-000106-index.htm
2024-10-31,2023,operating_income,ok,114301000000,2022-09-25,2023-09-30,2023-11-03,OperatingIncomeLoss,0000320193-23-000106,973807d1911eb137fb5730275c04f39769c0ffbd661bdc1249f305c529c97699,https://www.sec.gov/Archives/edgar/data/320193/000032019323000106/0000320193-23-000106-index.htm
2024-10-31,2023,net_income,ok,96995000000,2022-09-25,2023-09-30,2023-11-03,NetIncomeLoss,0000320193-23-000106,f2700ee683dd3e015fd36b548c6ba5acb3af5d57c34eaa1c59221a5f9385c70d,https://www.sec.gov/Archives/edgar/data/320193/000032019323000106/0000320193-23-000106-index.htm
2024-10-31,2023,operating_cash_flow,ok,110543000000,2022-09-25,2023-09-30,2023-11-03,NetCashProvidedByUsedInOperatingActivities,0000320193-23-000106,9218edb7cee4d395f12940cac238dd42c4f08ffca4201d7af656f7ed73596ea0,https://www.sec.gov/Archives/edgar/data/320193/000032019323000106/0000320193-23-000106-index.htm
2024-10-31,2023,capex,ok,10959000000,2022-09-25,2023-09-30,2023-11-03,PaymentsToAcquirePropertyPlantAndEquipment,0000320193-23-000106,9fbabc39dcefb5211039ae9ffd7465af969569593ee3472be29715e7542c1f9d,https://www.sec.gov/Archives/edgar/data/320193/000032019323000106/0000320193-23-000106-index.htm
2024-10-31,2023,assets,ok,352583000000,,2023-09-30,2023-11-03,Assets,0000320193-23-000106,62c6b6135c02755bfd39f9c20074479906b0ac3adb95bef61f8c2ac6fafbd41f,https://www.sec.gov/Archives/edgar/data/320193/000032019323000106/0000320193-23-000106-index.htm
2024-10-31,2023,liabilities,ok,290437000000,,2023-09-30,2023-11-03,Liabilities,0000320193-23-000106,366b55f41ddb5536157a50ce2d68f048c1ed430864ccf1b0dfbdbda04e52d8f1,https://www.sec.gov/Archives/edgar/data/320193/000032019323000106/0000320193-23-000106-index.htm
2024-10-31,2023,equity,ok,62146000000,,2023-09-30,2023-11-03,StockholdersEquity,0000320193-23-000106,4d224c603ad01408e160d104750048c80069d18beafee3204b0d8d6ce094958a,https://www.sec.gov/Archives/edgar/data/320193/000032019323000106/0000320193-23-000106-index.htm
2024-10-31,2023,current_assets,ok,143566000000,,2023-09-30,2023-11-03,AssetsCurrent,0000320193-23-000106,fec5efa70ba8a922fa832d0dee8d9c866548752d88859163bb32e4b5a3c703bc,https://www.sec.gov/Archives/edgar/data/320193/000032019323000106/0000320193-23-000106-index.htm
2024-10-31,2023,current_liabilities,ok,145308000000,,2023-09-30,2023-11-03,LiabilitiesCurrent,0000320193-23-000106,672601608ddafec94357f5aeddce4133d14626f2f353fa7baa2c10bdf294b4e3,https://www.sec.gov/Archives/edgar/data/320193/000032019323000106/0000320193-23-000106-index.htm
2024-10-31,2023,cash,ok,29965000000,,2023-09-30,2023-11-03,CashAndCashEquivalentsAtCarryingValue,0000320193-23-000106,94e7e346c32e6de43bd78499f70707f2852cbf337e21a9aa41ef288fd3048fad,https://www.sec.gov/Archives/edgar/data/320193/000032019323000106/0000320193-23-000106-index.htm
2024-10-31,2024,revenue,missing,,,,,,,,
2024-10-31,2024,operating_income,missing,,,,,,,,
2024-10-31,2024,net_income,missing,,,,,,,,
2024-10-31,2024,operating_cash_flow,missing,,,,,,,,
2024-10-31,2024,capex,missing,,,,,,,,
2024-10-31,2024,assets,missing,,,,,,,,
2024-10-31,2024,liabilities,missing,,,,,,,,
2024-10-31,2024,equity,missing,,,,,,,,
2024-10-31,2024,current_assets,missing,,,,,,,,
2024-10-31,2024,current_liabilities,missing,,,,,,,,
2024-10-31,2024,cash,missing,,,,,,,,
2024-11-01,2023,revenue,ok,383285000000,2022-09-25,2023-09-30,2024-11-01,RevenueFromContractWithCustomerExcludingAssessedTax,0000320193-24-000123,19c20566e318a183bf8911d2d48e528bb77f07b6b95b8b9f1ad153faf961641a,https://www.sec.gov/Archives/edgar/data/320193/000032019324000123/0000320193-24-000123-index.htm
2024-11-01,2023,operating_income,ok,114301000000,2022-09-25,2023-09-30,2024-11-01,OperatingIncomeLoss,0000320193-24-000123,2b88e06fea4035ae94d7444d00f6c715e6ed67a3d0194cbc6022f4c84721c0a4,https://www.sec.gov/Archives/edgar/data/320193/000032019324000123/0000320193-24-000123-index.htm
2024-11-01,2023,net_income,ok,96995000000,2022-09-25,2023-09-30,2024-11-01,NetIncomeLoss,0000320193-24-000123,0b3251fc98a4b63409c7ef9cc9ba7b4751bad3915b65d6e0cf9edca6017c5ca4,https://www.sec.gov/Archives/edgar/data/320193/000032019324000123/0000320193-24-000123-index.htm
2024-11-01,2023,operating_cash_flow,ok,110543000000,2022-09-25,2023-09-30,2024-11-01,NetCashProvidedByUsedInOperatingActivities,0000320193-24-000123,d366fc430e23a8010e3ff575e8b3c52cd3a50c21e30955b4ba028f08c9e1cbd2,https://www.sec.gov/Archives/edgar/data/320193/000032019324000123/0000320193-24-000123-index.htm
2024-11-01,2023,capex,ok,10959000000,2022-09-25,2023-09-30,2024-11-01,PaymentsToAcquirePropertyPlantAndEquipment,0000320193-24-000123,18fa3088d1c656842bbf0a48e22abba25d0740bbd98396074b78ae31c11a07a4,https://www.sec.gov/Archives/edgar/data/320193/000032019324000123/0000320193-24-000123-index.htm
2024-11-01,2023,assets,ok,352583000000,,2023-09-30,2024-11-01,Assets,0000320193-24-000123,e2484f97b92bf4bea92937c98f0e97cb56a9f7ffc79a1219e78482699e6b544d,https://www.sec.gov/Archives/edgar/data/320193/000032019324000123/0000320193-24-000123-index.htm
2024-11-01,2023,liabilities,ok,290437000000,,2023-09-30,2024-11-01,Liabilities,0000320193-24-000123,3a57576b15822534c32769929f3da27623d0add2331b7c2d4faab9661112076a,https://www.sec.gov/Archives/edgar/data/320193/000032019324000123/0000320193-24-000123-index.htm
2024-11-01,2023,equity,ok,62146000000,,2023-09-30,2024-11-01,StockholdersEquity,0000320193-24-000123,bbcc43e732e5ace976fbd601c6000792eb9a826aa8cf9b07c4efe1021228ec6c,https://www.sec.gov/Archives/edgar/data/320193/000032019324000123/0000320193-24-000123-index.htm
2024-11-01,2023,current_assets,ok,143566000000,,2023-09-30,2024-11-01,AssetsCurrent,0000320193-24-000123,1fbe7566069937ae7364539c61b16f0d9fb95d91c8aa934a22d2b4e7ba41dff2,https://www.sec.gov/Archives/edgar/data/320193/000032019324000123/0000320193-24-000123-index.htm
2024-11-01,2023,current_liabilities,ok,145308000000,,2023-09-30,2024-11-01,LiabilitiesCurrent,0000320193-24-000123,75a4639e0efa1074c719620b18d11576406a60672b0049502e4218c4f4c0e570,https://www.sec.gov/Archives/edgar/data/320193/000032019324000123/0000320193-24-000123-index.htm
2024-11-01,2023,cash,ok,29965000000,,2023-09-30,2024-11-01,CashAndCashEquivalentsAtCarryingValue,0000320193-24-000123,9ee22fd299152448a0c8b5972fd5561a3f6e40c386004687494509854e4e372d,https://www.sec.gov/Archives/edgar/data/320193/000032019324000123/0000320193-24-000123-index.htm
2024-11-01,2024,revenue,ok,391035000000,2023-10-01,2024-09-28,2024-11-01,RevenueFromContractWithCustomerExcludingAssessedTax,0000320193-24-000123,7c06142e9003b63b065bde9104c5e5547b4075f5aeece8a3ae03dcd2e0d1bbd5,https://www.sec.gov/Archives/edgar/data/320193/000032019324000123/0000320193-24-000123-index.htm
2024-11-01,2024,operating_income,ok,123216000000,2023-10-01,2024-09-28,2024-11-01,OperatingIncomeLoss,0000320193-24-000123,055a79abfd16b5b07902195b036068f537f22e68cdfe93ebb8c5b2a4e5529c18,https://www.sec.gov/Archives/edgar/data/320193/000032019324000123/0000320193-24-000123-index.htm
2024-11-01,2024,net_income,ok,93736000000,2023-10-01,2024-09-28,2024-11-01,NetIncomeLoss,0000320193-24-000123,ac7be940bcc7bea67b5caba7012d0e550eb4b912dca0adf586122f1f4a43cadf,https://www.sec.gov/Archives/edgar/data/320193/000032019324000123/0000320193-24-000123-index.htm
2024-11-01,2024,operating_cash_flow,ok,118254000000,2023-10-01,2024-09-28,2024-11-01,NetCashProvidedByUsedInOperatingActivities,0000320193-24-000123,003e612d3e1276a6af626807850db839af1ea9fe05b513153be1349be66cc249,https://www.sec.gov/Archives/edgar/data/320193/000032019324000123/0000320193-24-000123-index.htm
2024-11-01,2024,capex,ok,9447000000,2023-10-01,2024-09-28,2024-11-01,PaymentsToAcquirePropertyPlantAndEquipment,0000320193-24-000123,c174ac7f89f8f845a801e23e1b77711a1d137f1d82cc1d8e928de847abf722c4,https://www.sec.gov/Archives/edgar/data/320193/000032019324000123/0000320193-24-000123-index.htm
2024-11-01,2024,assets,ok,364980000000,,2024-09-28,2024-11-01,Assets,0000320193-24-000123,bf66e05fcc98649248f887805ac52fa56daaec0af05b9f9337d08c210c248dfb,https://www.sec.gov/Archives/edgar/data/320193/000032019324000123/0000320193-24-000123-index.htm
2024-11-01,2024,liabilities,ok,308030000000,,2024-09-28,2024-11-01,Liabilities,0000320193-24-000123,595aa3d3eb6569e5b6918ea000bf37ddf2a9b33b617d3a60d7213e428676e664,https://www.sec.gov/Archives/edgar/data/320193/000032019324000123/0000320193-24-000123-index.htm
2024-11-01,2024,equity,ok,56950000000,,2024-09-28,2024-11-01,StockholdersEquity,0000320193-24-000123,71990ebae271368aad3b24cf17b06d7d47ae804ef1418a76d9a81b353ef8e2fb,https://www.sec.gov/Archives/edgar/data/320193/000032019324000123/0000320193-24-000123-index.htm
2024-11-01,2024,current_assets,ok,152987000000,,2024-09-28,2024-11-01,AssetsCurrent,0000320193-24-000123,0499f05df1773de02cc9104507fec273e4ca3f38791ee2a6e6e46e5032025016,https://www.sec.gov/Archives/edgar/data/320193/000032019324000123/0000320193-24-000123-index.htm
2024-11-01,2024,current_liabilities,ok,176392000000,,2024-09-28,2024-11-01,LiabilitiesCurrent,0000320193-24-000123,af3aa9b92f19d92a28b427488cac5700d14b73a45693c1271a76846bccbd4f1f,https://www.sec.gov/Archives/edgar/data/320193/000032019324000123/0000320193-24-000123-index.htm
2024-11-01,2024,cash,ok,29943000000,,2024-09-28,2024-11-01,CashAndCashEquivalentsAtCarryingValue,0000320193-24-000123,b1faaf8452f3121c7a762bca53ad2aac3073659218e23ae6f12ebe517a6ca204,https://www.sec.gov/Archives/edgar/data/320193/000032019324000123/0000320193-24-000123-index.htm
